GRB_id,logTa_best,logTa_min,logTa_max,logTt,logTfinal,alpha_best,alpha_min,alpha_max,logFa,logFa_min,logFa_max
GRB050128,2.89188,2.81994,2.96382,1.63,5.2,1.144,1.12467,1.1634,-9.55803,-9.63398,-9.48207
GRB050502B,5.16234,5.06216,5.26428,4,5.6,2.53722,2.07318,2.97271,-12.6478,-12.7691,-12.3347
GRB050607,3.86029,3.77922,3.94135,3,6,1.06876,1.02145,1.11606,-11.5579,-11.6181,-11.4977
GRB050712,4.37043,4.28876,4.45211,3.6,6.2,1.05095,1.00467,1.09724,-11.5943,-11.6532,-11.5354
GRB050713A,3.53467,3.49889,3.57045,2.4,6.4,1.16789,1.14734,1.18844,-10.2608,-10.2905,-10.231
GRB050713B,4.35502,4.29813,4.41192,3,6.2,1.0089,0.978252,1.03968,-10.7294,-10.7786,-10.6801
GRB050726,3.47822,3.44173,3.51471,2.59,5.6,1.62475,1.57785,1.67165,-10.4166,-10.4579,-10.3752
GRB050814,3.70038,3.57617,3.8246,2.8,5.8,0.874744,0.818503,0.930985,-11.2842,-11.3554,-11.2131
GRB050822,4.40868,4.36072,4.45664,3,6.7,1.01745,0.991145,1.04376,-11.399,-11.437,-11.3609
GRB050915B,4.27848,4.12476,4.43221,3,5.8,0.893793,0.790603,0.996982,-11.8863,-11.9822,-11.7904
GRB050922B,5.27032,5.14832,5.39231,3.2,6.4,1.39422,1.22028,1.56816,-11.4892,-11.5873,-11.3912
GRB051016A,3.3379,3.2291,3.44669,2.5,5.8,0.932183,0.884872,0.979493,-11.125,-11.1878,-11.0622
GRB060105,2.92025,2.9099,2.93059,2,5.6,1.53134,1.52055,1.54212,-8.89733,-8.90787,-8.88679
GRB060108,4.05409,3.95692,4.15126,2.3,5.8,1.13879,1.05761,1.21997,-11.5749,-11.6456,-11.5041
GRB060109,4.15565,4.09875,4.21255,2.6,5.6,1.53216,1.44538,1.61893,-11.3666,-11.4254,-11.3077
GRB060219,3.90781,3.75205,4.06358,2.6,5.8,1.06824,0.976834,1.15965,-11.4924,-11.6133,-11.3714
GRB060312,3.66183,3.52387,3.79979,2.5,5,0.9863,0.91254,1.06006,-11.3551,-11.4747,-11.2355
GRB060413,4.54121,4.42835,4.65407,3.4,5.5,1.1418,1.00422,1.27945,-10.4853,-10.5993,-10.3713
GRB060421,3.24342,3.11085,3.37599,2,5.2,1.42445,1.30099,1.54791,-10.5758,-10.682,-10.4697
GRB060510A,4.09985,4.07175,4.12796,2.2,5.8,1.4927,1.46546,1.52013,-9.89639,-9.92544,-9.86735
GRB060719,3.78765,3.73221,3.84308,2.5,6,1.15629,1.12338,1.1892,-11.0124,-11.0634,-10.9614
GRB060805A,3.86318,3.74597,3.98038,2,5.2,1.43902,1.28145,1.5966,-12.0257,-12.1342,-11.9172
GRB060807,4.29504,4.25608,4.33399,2.15,5.8,1.75608,1.68683,1.82533,-11.3182,-11.3624,-11.2741
GRB060813,2.80308,2.76869,2.83747,1.8,5.4,1.08339,1.06845,1.09832,-9.43514,-9.4576,-9.41267
GRB060923A,3.72998,3.64733,3.81264,2.3,6.2,1.15018,1.10357,1.19679,-11.0023,-11.0757,-10.9289
GRB060923C,3.98473,3.79913,4.17033,3,6,0.816344,0.761183,0.871505,-11.3585,-11.4606,-11.2563
GRB061019,4.18079,4.09033,4.27125,3,6,1.02077,0.956967,1.08457,-11.1221,-11.1832,-11.061
GRB061202,4.68769,4.60119,4.77419,2.94,6,1.47495,1.36484,1.58507,-11.0231,-11.0914,-10.9547
GRB070103,3.53314,3.46645,3.59984,2,5.3,1.4608,1.40056,1.52121,-10.9987,-11.0682,-10.9293
GRB070107,3.36646,3.2478,3.48513,3,6,1.07545,1.04693,1.10396,-9.99381,-10.1004,-9.88717
GRB070129,4.49461,4.44778,4.54144,3.2,6.3,1.08993,1.05621,1.12364,-11.6028,-11.6383,-11.5673
GRB070224,4.34243,4.07022,4.61465,2.9,6.1,0.732455,0.636779,0.828131,-12.3077,-12.4451,-12.1703
GRB070328,3.02881,3.01584,3.04179,2,6.2,1.41933,1.40871,1.42996,-9.2568,-9.26794,-9.24566
GRB070420,3.73139,3.70192,3.76086,2.3,5.8,1.36588,1.33328,1.39849,-10.1688,-10.1957,-10.1419
GRB070517,3.81016,3.66311,3.9572,2,5.4,1.1757,1.01164,1.33977,-11.5013,-11.6312,-11.3715
GRB070621,3.27723,3.17351,3.38095,2.6,5.9,1.08208,1.04238,1.12178,-10.6032,-10.6756,-10.5307
GRB070628,3.97958,3.88113,4.07804,3.1,5,1.2331,1.19588,1.27035,-10.3432,-10.4665,-10.2199
GRB070714A,3.17793,3.0161,3.33975,2,5.4,0.921223,0.814711,1.02773,-11.1168,-11.2118,-11.0217
GRB080129,3.99429,3.90781,4.08077,3.52,5.6,1.08095,1.02563,1.13627,-11.0339,-11.106,-10.9617
GRB080205,2.81358,2.68249,2.94466,2.5,5.2,1.56547,1.52314,1.6078,-9.73889,-9.92239,-9.55539
GRB080212,4.19497,4.14746,4.24248,2.75,5.2,1.48484,1.4138,1.55587,-11.2568,-11.3078,-11.2059
GRB080218B,3.70035,3.56995,3.83074,2.98,5.6,1.18194,1.09368,1.27021,-11.3313,-11.4156,-11.2471
GRB080229A,3.68741,3.66398,3.71084,2.35,5.8,1.27632,1.2575,1.29514,-9.54636,-9.56703,-9.52569
GRB080328,3.21924,3.16983,3.26866,2.4,4.6,1.14608,1.11921,1.17295,-9.62397,-9.66289,-9.58505
GRB080409,3.60854,3.4457,3.77137,2.17,5,1.2996,1.12194,1.47732,-11.4191,-11.5586,-11.2796
GRB080426,2.97692,2.86541,3.08844,2.42,5,1.23378,1.17288,1.29468,-10.6624,-10.7729,-10.5519
GRB080605,2.73047,2.71291,2.74803,1.34,5.8,1.29386,1.27785,1.30986,-8.99918,-9.015,-8.98337
GRB080707,4.01305,3.8997,4.12641,2.4,5.5,1.04373,0.960139,1.12733,-11.568,-11.6534,-11.4827
GRB081126,3.42034,3.36829,3.47239,1.87,5.6,1.41484,1.36244,1.46725,-9.95186,-9.99333,-9.91038
GRB081222,4.05592,4.00316,4.10869,3.28,5.9,1.36844,1.33518,1.4017,-10.7863,-10.8488,-10.7238
GRB090113,3.04433,2.94916,3.1395,2.03,5.6,1.27448,1.22192,1.32705,-10.0724,-10.1413,-10.0035
GRB090404,4.3431,4.28894,4.39726,2.47,6.2,0.979951,0.94327,1.01663,-11.1402,-11.1753,-11.1051
GRB090407,4.89641,4.85239,4.94043,3.15,6,1.44641,1.36765,1.52517,-11.7256,-11.7699,-11.6814
GRB090518,3.67955,3.59791,3.76118,2.68,4.6,1.07718,0.99302,1.16135,-11.0436,-11.1011,-10.9861
GRB090727,5.35407,5.21857,5.48957,3.98,6.4,1.21998,1.05368,1.38628,-12.3566,-12.4559,-12.2573
GRB090728,3.64639,3.59735,3.69543,2.26,5,1.87025,1.75606,1.98444,-11.0749,-11.1369,-11.0129
GRB090807,4.08802,3.96241,4.21363,2.9,5.2,2.054,1.86175,2.24638,-11.2763,-11.4878,-11.0648
GRB090813,3.00808,2.97521,3.04095,1.5,5.81,1.2342,1.22032,1.24811,-9.61111,-9.64409,-9.57812
GRB090904A,4.37117,4.29275,4.44959,3,5.5,1.26809,1.17859,1.35759,-11.7199,-11.7883,-11.6514
GRB091130B,4.80907,4.76164,4.8565,3.55,6.2,1.08451,1.04014,1.12887,-11.8712,-11.906,-11.8364
GRB100302A,4.23746,4.11072,4.3642,3.09,6.1,0.842899,0.789528,0.896269,-12.0003,-12.079,-11.9216
GRB100305A,4.35979,4.31458,4.40501,2.94,5.4,2.08702,1.95898,2.21507,-11.775,-11.845,-11.7051
GRB100424A,2.66885,2.6454,2.69231,2.1,3.35,2.13779,2.0718,2.20379,-8.68223,-8.72205,-8.64241
GRB100522A,3.86836,3.8129,3.92382,2.34,5.6,1.01657,0.976472,1.05668,-10.5759,-10.6125,-10.5393
GRB100606A,2.19646,2.11336,2.27957,1.97,4.41,1.49601,1.46517,1.52685,-8.53703,-8.65279,-8.42128
GRB100725A,2.52661,2.46117,2.59204,1.88,4,4.9463,4.55501,5.33768,-9.86238,-10.1712,-9.55351
GRB100725B,4.41393,4.35682,4.47104,2.9,5.5,1.35267,1.27276,1.43258,-11.0882,-11.1369,-11.0396
GRB100727A,4.2408,4.12444,4.35716,2.88,5.2,0.84082,0.7476,0.934056,-11.2837,-11.3637,-11.2038
GRB100802A,4.8136,4.59728,5.02992,3.74,6.2,0.628651,0.549653,0.707649,-12.205,-12.2881,-12.122
GRB101011A,2.23005,2.14366,2.31644,1.82,3.15,2.42724,2.26855,2.58594,-9.66783,-9.82756,-9.50811
GRB101024A,3.43724,3.39373,3.48075,1.5,5.2,1.40772,1.35796,1.45748,-10.4259,-10.464,-10.3877
GRB110102A,4.06295,4.0381,4.08781,2.75,6,1.30042,1.27893,1.32191,-10.4417,-10.4651,-10.4183
GRB110201A,2.8541,2.64739,3.06081,1.96,4.2,1.16111,0.986725,1.3355,-9.38832,-9.53723,-9.23941
GRB110208A,3.31036,3.13233,3.48839,2.3,4.8,1.00193,0.894216,1.10965,-11.4309,-11.5302,-11.3317
GRB110312A,4.1347,4.0062,4.26321,2.64,6,0.982892,0.893869,1.07191,-11.0279,-11.0918,-10.9641
GRB110315A,2.90525,2.82513,2.98537,2.07,5.6,1.37716,1.32972,1.42459,-9.65017,-9.71547,-9.58486
GRB110318B,3.39365,3.13859,3.64872,2.44,4.6,1.10524,0.904506,1.30597,-10.6991,-10.8565,-10.5416
GRB110319A,3.34438,3.26622,3.42254,2.16,5.21,1.08335,1.03498,1.13172,-10.6395,-10.7054,-10.5736
GRB110402A,4.12739,4.01348,4.2413,2,4.5,2.25288,1.87851,2.62725,-12.0969,-12.2781,-11.9156
GRB110411A,3.97634,3.83947,4.11321,2.47,5.2,1.16433,0.988652,1.34001,-10.7226,-10.8192,-10.6259
GRB110414A,3.69168,3.58272,3.80064,2.81,5.1,1.61374,1.52527,1.7022,-10.7304,-10.9137,-10.5472
GRB110420A,3.75189,3.70938,3.79439,2.32,6.21,1.1552,1.1347,1.17582,-10.3969,-10.4416,-10.3522
GRB110530A,3.83408,3.75544,3.91271,2.66,5.8,1.16745,1.10595,1.22895,-11.1955,-11.2482,-11.1427
GRB110610A,3.10642,2.99638,3.21647,2.15,5.5,1.06138,1.01295,1.10981,-10.0085,-10.0839,-9.93313
GRB110709A,2.82358,2.76358,2.88359,2.4,5.41,0.949204,0.92938,0.969029,-9.16575,-9.20883,-9.12268
GRB110801A,3.50689,3.43566,3.57812,2.93,5.6,1.39929,1.34783,1.45075,-10.366,-10.4497,-10.2822
GRB110820A,4.70932,4.4689,4.94975,2.75,5.45,1.3371,0.888405,1.78579,-11.9925,-12.2205,-11.7645
GRB111107A,3.50884,3.34655,3.67113,2.9,4.9,0.947197,0.868277,1.02612,-11.3845,-11.4878,-11.2812
GRB111121A,3.3955,3.25343,3.53757,2.58,4.61,1.30357,1.1617,1.44544,-10.4143,-10.5383,-10.2903
GRB111129A,3.4323,3.37826,3.48634,2.09,5.5,1.20903,1.16641,1.25165,-10.5301,-10.5742,-10.486
GRB120102A,3.80062,3.72425,3.87699,2.2,6,1.23,1.20644,1.25516,-10.0397,-10.1285,-9.95087
GRB120116A,3.46641,3.33106,3.60177,2.45,5.5,0.747488,0.685886,0.809091,-10.8231,-10.8916,-10.7546
GRB120119A,2.93291,2.85231,3.01351,2.2,5.5,1.17477,1.13036,1.21918,-9.53847,-9.58788,-9.48906
GRB120211A,4.12098,3.94793,4.29402,2.8,5,1.29054,1.05433,1.52675,-11.7685,-11.9194,-11.6176
GRB120213A,3.80607,3.6383,3.97385,2.81,6,1.7873,1.6987,1.87602,-10.2817,-10.6005,-9.96298
GRB120215A,3.80607,3.6383,3.97385,2.8,6,1.7873,1.6987,1.87602,-10.2817,-10.6005,-9.96298
GRB120224A,3.93181,3.86067,4.00295,2.58,6,1.69152,1.57636,1.80668,-10.5659,-10.6509,-10.4809
GRB120308A,3.93915,3.86598,4.01233,2.6,6,1.68971,1.57346,1.80595,-10.5768,-10.6639,-10.4896
GRB120324A,3.9494,3.87791,4.02088,2.57,5.5,1.1,1.63884,1.90217,-10.5957,-10.6854,-10.506
GRB120326A,5.31014,5.2289,5.39138,2.8,6,2.9804,2.56235,3.39851,-11.9574,-12.1521,-11.7627
GRB120701A,2.75708,2.62317,2.891,2,5,1.15833,1.10552,1.21114,-10.0266,-10.1374,-9.9158
GRB120703A,3.20671,3.14763,3.2658,1.5,6,1.08348,1.0533,1.11366,-10.1351,-10.1772,-10.0931
GRB120728A,3.21922,2.90747,3.53097,2,5,1.10643,0.901175,1.31168,-10.6692,-10.866,-10.4723
GRB120927A,3.51032,3.43593,3.58471,2.3,5,1.61279,1.48294,1.74263,-10.5667,-10.6417,-10.4916
GRB121123A,4.43356,4.32374,4.54339,3.3,5.5,1.3998,1.29871,1.50104,-11.3875,-11.531,-11.2439
GRB121209A,3.27553,3.17008,3.38099,2,5,1.1864,1.15057,1.22235,-9.86315,-9.98028,-9.74603
GRB121217A,4.50576,4.47045,4.54107,3.1,6.5,1.32254,1.28584,1.35925,-10.8368,-10.8692,-10.8044
GRB130131A,3.64265,3.55555,3.72976,2.77,5.4,1.155,1.07796,1.23203,-11.3112,-11.3739,-11.2486
GRB130211A,5.16051,4.96958,5.35143,3.5,6,1.04156,0.816254,1.26687,-13.0315,-13.1603,-12.9028
GRB130427B,3.91798,3.85314,3.98283,2.4,5.5,1.86416,1.74902,1.97929,-11.2077,-11.283,-11.1324
GRB130504A,3.7513,3.7109,3.79169,2.5,6,1.63821,1.54067,1.73575,-10.2688,-10.3222,-10.2154
GRB130527A,3.25596,3.1844,3.32751,2.6,4.4,1.71904,1.63592,1.80217,-9.93338,-10.0128,-9.85399
GRB130528A,3.9777,3.87308,4.08233,3.2,5.5,1.11496,1.05848,1.17143,-10.9087,-11.0022,-10.8151
GRB130603A,4.38521,4.21363,4.55679,3.3,5,1.0884,0.914263,1.26269,-11.2718,-11.4414,-11.1022
GRB130608A,3.62551,3.36649,3.88452,2.8,5,0.5463,0.455683,0.636917,-11.8323,-11.9463,-11.7183
GRB130609B,3.7674,3.75088,3.78393,2.8,6,1.75265,1.71878,1.78651,-9.90677,-9.92721,-9.88633
GRB130725B,3.06254,2.90744,3.21764,1.8,5.6,0.9482,0.905138,0.991275,-10.3642,-10.4722,-10.2562
GRB130812A,2.6882,2.60488,2.77152,1,5,0.933759,0.906739,0.96078,-10.3117,-10.3708,-10.2526
GRB130816A,2.83295,2.56155,3.10435,1.2,4.7,1.0698,0.994188,1.14544,-10.4298,-10.7422,-10.1175
GRB131002A,3.74626,3.67168,3.82084,3,5.2,1.09328,1.03075,1.1558,-11.1228,-11.1837,-11.0618
GRB131002B,3.12402,3.04719,3.20084,1.61,3.8,2.60599,2.41611,2.79587,-9.76606,-9.863,-9.66913
GRB131018A,4.56307,4.42811,4.69802,3,5,0.92307,0.732176,1.11396,-11.4224,-11.5203,-11.3245
GRB131024A,3.69653,3.57087,3.82219,2.6,5,0.734633,0.630133,0.839134,-11.0831,-11.1498,-11.0164
GRB131229A,2.28078,2.25365,2.3079,1.55,5.2,1.24672,1.23676,1.25668,-8.49034,-8.51804,-8.46263
GRB140108A,4.02038,3.97548,4.06528,2.6,5.8,1.6012,1.53532,1.66709,-9.89581,-9.94057,-9.85105
GRB140114A,4.48388,4.38289,4.58488,2.9,5.7,1.1721,1.04922,1.29498,-11.8158,-11.8915,-11.7401
GRB140215A,4.05216,3.9903,4.11402,3.6,5,1.55735,1.45235,1.66235,-11.3344,-11.409,-11.2598
GRB140304A,3.01201,2.8708,3.15322,2,5.4,1.8624,1.73846,1.98637,-9.31099,-9.54568,-9.0763
GRB140323A,3.72061,3.68549,3.75572,2.4,5.6,1.37879,1.33635,1.42123,-9.9529,-9.98263,-9.92317
GRB140331A,4.54757,4.41779,4.67735,3.2,5.6,1.648,1.35626,1.93974,-11.8072,-11.9537,-11.6607
GRB140626A,3.92917,3.73284,4.1255,2.6,5.2,1.03196,0.870332,1.19358,-11.8607,-12.0142,-11.7071
GRB140703A,3.54149,3.4841,3.59889,2.3,5,1.41389,1.3544,1.47338,-9.92462,-9.98139,-9.86786
GRB140706A,3.83282,3.7071,3.95855,2.1,5.2,1.15048,1.00232,1.29864,-11.1976,-11.2824,-11.1127
GRB140709A,3.77564,3.7117,3.83957,2.5,5.6,1.02354,0.984815,1.06226,-10.3217,-10.3724,-10.2709
GRB140713A,3.22665,2.9515,3.5018,2,5.2,1.1122,1.02849,1.19596,-10.0335,-10.3118,-9.75525
GRB140719A,4.11285,3.98089,4.2448,2,5.2,0.964218,0.849254,1.07918,-11.4492,-11.5334,-11.365
GRB140730A,3.53158,3.40054,3.66263,2.4,5,0.946435,0.829498,1.06337,-11.2702,-11.3476,-11.1928
GRB140817A,4.28008,4.21308,4.34708,3.2,5.2,1.45491,1.36207,1.54776,-11.0425,-11.1124,-10.9726
GRB140818B,4.44713,4.30764,4.58663,2.5,5.4,1.86618,1.52873,2.20363,-11.7843,-11.9463,-11.6223
GRB140824A,2.63156,2.48128,2.78185,2,5,1.03747,0.982313,1.09262,-11.0198,-11.1433,-10.8964
GRB140916A,5.03564,4.96547,5.1058,3,5.6,2.2633,1.98883,2.53784,-11.776,-11.9031,-11.6488
GRB140927A,3.59415,3.45958,3.72871,2,4.8,1.49418,1.29535,1.693,-11.3603,-11.4761,-11.2446
GRB141005A,2.75932,2.61123,2.90741,2,4.4,1.5598,1.3971,1.7225,-10.4975,-10.6656,-10.3294
GRB141017A,3.64462,3.57938,3.70986,2.27,5.6,1.1315,1.09355,1.16949,-10.4872,-10.553,-10.4215
GRB141020A,3.34044,3.22055,3.46033,2.8,4.5,1.33331,1.23966,1.42696,-10.8233,-10.9288,-10.7178
GRB141026A,4.59028,4.43909,4.74148,3.2,6.2,0.874934,0.791194,0.958675,-11.7639,-11.8648,-11.663
GRB141031A,4.72093,4.54682,4.89503,3.3,6,1.0731,0.965713,1.1806,-11.5204,-11.6942,-11.3467
GRB141109B,3.5871,3.40507,3.76913,2.8,5,0.581067,0.500985,0.661148,-10.9767,-11.047,-10.9064
GRB141221A,2.92269,2.76774,3.07763,2,5.4,1.30102,1.23186,1.37018,-9.78946,-9.92929,-9.64962
GRB150323A,4.25725,4.12256,4.39193,2.8,5.6,1.22625,1.10648,1.34602,-11.5974,-11.6903,-11.5045
GRB150323C,3.86864,3.78807,3.94921,3.2,5.5,1.05112,1.00279,1.09944,-11.6292,-11.6967,-11.5616
GRB150424A,3.43316,3.33698,3.52933,2.8,5.8,0.884463,0.85102,0.917905,-10.8513,-10.9185,-10.7841
GRB150428B,4.54278,4.3857,4.69985,3.2,6,0.922538,0.792631,1.05244,-11.6808,-11.7695,-11.592
GRB150430A,3.54254,3.49229,3.59279,2.6,6,1.54594,1.47797,1.61392,-10.4325,-10.4908,-10.3742
GRB150530A,3.26007,3.10991,3.41023,1.8,4.6,1.4001,1.23843,1.56176,-10.6954,-10.804,-10.5869
GRB150607A,2.71762,2.65158,2.78365,2,5,0.976847,0.951878,1.00182,-9.50944,-9.55638,-9.4625
GRB150615A,4.30707,4.17309,4.44104,2.8,5.4,0.790346,0.69759,0.883103,-11.3767,-11.4465,-11.3069
GRB150626B,4.71169,4.65505,4.76834,3.7,5.6,2.871,2.62834,3.11405,-11.1175,-11.2553,-10.9797
GRB150711A,3.59028,3.4714,3.70917,2.6,5,0.950191,0.868912,1.03147,-10.8257,-10.907,-10.7443
GRB150801B,3.25529,2.99433,3.51625,2.8,5,2.6044,2.44514,2.7638,-8.71783,-9.51958,-7.91608
GRB150817A,3.39134,3.34057,3.44212,2,5.4,1.17232,1.14423,1.20041,-10.0959,-10.1457,-10.046
GRB150911A,3.58105,3.50802,3.65408,2.4,5.2,1.7817,1.70649,1.85709,-10.2632,-10.3807,-10.1456
GRB151001A,3.33312,3.24586,3.42037,1.8,4.6,1.32922,1.24225,1.41619,-10.6292,-10.6956,-10.5627
GRB151114A,2.97269,2.80238,3.14299,2,4.8,1.1526,1.08197,1.22326,-10.6397,-10.8319,-10.4475
GRB151118A,2.92497,2.65367,3.19626,2.5,4.8,1.04554,0.958503,1.13257,-9.9889,-10.1989,-9.77893
GRB151205A,2.28802,2.21763,2.3584,2,4.5,1.71547,1.66036,1.77058,-8.81097,-8.90994,-8.71201
GRB151228B,3.50046,3.2802,3.72071,2.6,5.5,0.889563,0.749394,1.02973,-11.3242,-11.4471,-11.2014
GRB151229A,2.42174,2.33552,2.50795,1.8,5,0.900011,0.878796,0.921226,-9.44435,-9.50189,-9.3868
GRB160104A,4.59482,4.32401,4.86563,3.5,6,0.873724,0.691831,1.05562,-11.9491,-12.099,-11.7992
GRB160119A,4.32085,4.2805,4.3612,3.5,6,1.279,1.22962,1.32838,-11.1805,-11.2185,-11.1425
GRB160123A,3.26757,3.01619,3.51895,1.5,5.4,1.15534,0.984197,1.32648,-11.1607,-11.3217,-10.9997
GRB160127A,3.2676,3.20029,3.33492,2.7,5,1.34532,1.3016,1.38903,-10.5862,-10.6558,-10.5165
GRB160412A,4.47886,4.35322,4.60451,2.6,6,0.940394,0.831765,1.04902,-11.7502,-11.8268,-11.6736
GRB160417A,3.65811,3.55329,3.76294,2.7,6,0.857876,0.794955,0.920797,-11.4802,-11.54,-11.4203
GRB160504A,4.23844,4.1825,4.29437,2.3,5.5,1.22333,1.14107,1.30559,-11.5015,-11.5498,-11.4532
GRB160630A,3.54193,3.49939,3.58447,1.8,6,1.18101,1.1431,1.21891,-10.3254,-10.3576,-10.2931
GRB160705B,4.56399,4.43894,4.68903,3,6,0.734183,0.673449,0.794917,-11.9322,-11.9945,-11.8698
GRB160815A,3.17448,3.06019,3.28876,2.5,6,0.988304,0.939595,1.03701,-10.3999,-10.4747,-10.3251
GRB160824A,3.83339,3.77297,3.89381,2.5,5,1.11257,1.04256,1.18257,-10.3081,-10.3566,-10.2596
GRB160905A,3.06527,3.056,3.07455,2.2,6,1.26565,1.25702,1.27427,-8.9155,-8.92382,-8.90718
GRB161001A,3.39412,3.31568,3.47256,2.5,5.4,1.28616,1.22827,1.34405,-10.0841,-10.1413,-10.0268
GRB161004B,2.43837,2.32159,2.55514,2.1,5,1.1167,1.08152,1.15187,-9.39802,-9.50943,-9.28661
GRB161113A,4.28684,4.1168,4.45688,2.5,6,0.867794,0.718209,1.01738,-11.9023,-12.0034,-11.8011
GRB161214B,4.17771,4.08781,4.26762,3,6,1.00484,0.930713,1.07898,-11.3198,-11.3842,-11.2554
GRB161217A,3.1149,2.95427,3.27554,2.5,5.2,0.825749,0.776785,0.874712,-11.1373,-11.2373,-11.0374
GRB170208B,3.45314,3.35042,3.55586,2.7,6,0.902264,0.859601,0.944926,-10.5809,-10.6382,-10.5235
GRB170317A,3.22899,3.17024,3.28775,1.6,5.2,1.17372,1.12312,1.22433,-10.7249,-10.7726,-10.6772
GRB170331A,3.79838,3.57528,4.02148,2.8,5,1.16101,0.83167,1.49035,-11.5069,-11.6854,-11.3284
GRB170711A,3.57249,3.43804,3.70694,2.5,6,0.778258,0.710314,0.846202,-10.9417,-11.0094,-10.8739
GRB170803A,2.96196,2.91293,3.01099,2.3,5.4,1.18713,1.16062,1.21363,-10.1971,-10.2438,-10.1505
GRB170822A,3.747,3.71092,3.78308,2.6,5.3,1.9641,1.90805,2.02021,-9.90552,-9.97167,-9.83938
GRB171027A,3.26278,3.19565,3.32991,2.5,6,1.19637,1.15578,1.23697,-9.95031,-10.0025,-9.89811
GRB171120A,4.53418,4.46604,4.60233,3,5.8,0.969833,0.887385,1.05228,-10.9086,-10.9559,-10.8613
GRB171123A,3.76961,3.58858,3.95065,2.5,5,0.90234,0.771905,1.03278,-11.4263,-11.5427,-11.3098
GRB171211A,2.93112,2.60764,3.25461,2.3,5,1.03336,0.932341,1.13437,-10.6388,-10.863,-10.4146
GRB180115A,3.62081,3.57206,3.66955,2.5,5.4,1.17047,1.12123,1.21971,-10.9141,-10.9532,-10.875
GRB180224A,3.46482,3.39004,3.53959,2.1,5,1.84815,1.7107,1.9856,-10.5124,-10.5902,-10.4346
GRB180314A,3.19213,3.11008,3.27418,2.7,6,1.01924,0.993869,1.0446,-10.3733,-10.4357,-10.311
GRB180316A,2.70967,2.60196,2.81738,2,6,1.3171,1.28598,1.3483,-9.13278,-9.28671,-8.97884
GRB180331B,4.3889,4.32621,4.45159,2.4,6,1.09515,1.02019,1.1701,-11.3357,-11.3804,-11.291
GRB180411A,3.9963,3.94838,4.04421,2.5,6,1.34166,1.29119,1.39214,-10.2597,-10.3051,-10.2143
GRB180425A,4.48348,4.29695,4.67001,3.4,6,0.96255,0.819402,1.1057,-11.8748,-11.9867,-11.7629
GRB180514A,4.17677,4.02658,4.32696,2.7,5.4,0.793297,0.66998,0.916613,-11.8389,-11.9229,-11.7549
GRB180614A,3.04737,2.75053,3.3442,1.5,4.5,0.9061,0.802618,1.0096,-10.4888,-10.734,-10.2437
GRB180623A,3.69917,3.66359,3.73476,2.25,5,1.81399,1.72523,1.90275,-9.90005,-9.94788,-9.85221
GRB180626A,3.89183,3.84961,3.93405,2.2,6,1.12702,1.08667,1.16737,-10.8016,-10.8338,-10.7694
GRB180630A,3.09267,2.98925,3.19609,2.2,5.4,0.863273,0.826638,0.899908,-9.96603,-10.0311,-9.901
GRB180706A,3.79087,3.71,3.87174,2.5,6,0.880109,0.815869,0.944348,-11.2568,-11.3022,-11.2114
GRB180720C,3.49451,3.29071,3.69831,2.36,5,0.727455,0.62519,0.829721,-10.9196,-11.0397,-10.7995
GRB180721A,3.82343,3.67128,3.97557,2.5,4.2,1.74717,1.34316,2.15118,-11.727,-11.9189,-11.5351
GRB180818B,4.06908,3.99793,4.14022,2.8,5,1.12225,1.03654,1.20795,-10.9776,-11.0377,-10.9175
GRB180821A,4.73545,4.63174,4.83917,3.2,5.8,1.07187,0.951948,1.19179,-11.6604,-11.7337,-11.5872
GRB180823A,3.1323,3.01649,3.24811,2.2,5,1.14145,1.08268,1.20023,-10.3003,-10.3996,-10.2011
GRB180924A,3.5304,3.41447,3.64633,2.67,5.3,1.01997,0.948525,1.09141,-10.8965,-10.9889,-10.8042
GRB180925A,3.18075,3.1003,3.2612,2.57,4.4,1.36178,1.28031,1.44326,-10.997,-11.0798,-10.9143
GRB180930A,2.92673,2.82586,3.0276,2,3.5,2.73814,2.39164,3.08464,-10.3967,-10.6017,-10.1917
GRB181023A,3.29862,3.08311,3.51414,2,5.8,1.164,1.12642,1.20174,-9.40653,-9.65735,-9.1557
GRB181103A,3.71006,3.63154,3.78859,2.05,5.6,0.81937,0.773867,0.864873,-11.0113,-11.0566,-10.9659
GRB190109A,3.4605,3.32135,3.59964,2.99,5.2,1.20586,1.10478,1.30693,-10.929,-11.0495,-10.8086
GRB190202A,3.28863,3.27719,3.30008,1.8,6,1.44109,1.42653,1.45566,-9.44352,-9.45556,-9.43148
GRB190203A,2.80793,2.79176,2.82409,2.26,5.4,1.39866,1.381,1.41631,-8.81988,-8.83625,-8.80352
GRB190204A,2.5734,2.56146,2.58534,1.9,5.4,1.44147,1.4307,1.45225,-8.67607,-8.68869,-8.66346
GRB190211A,3.41868,3.34935,3.48801,2,5.65,1.2215,1.18553,1.2575,-10.5104,-10.5788,-10.4419
GRB190219A,4.52688,4.37567,4.67809,2.9,5.6,0.9296,0.812707,1.04649,-11.5912,-11.6676,-11.5147
GRB190311A,3.73931,3.62363,3.855,2.8,5.8,0.854671,0.773445,0.935898,-11.0329,-11.0984,-10.9673
GRB190422A,4.20616,4.09445,4.31788,2.93,5,0.875,0.795146,0.954872,-10.4101,-10.4891,-10.331
GRB190511A,4.39622,4.28612,4.50633,3.5,5.5,2.18128,1.86958,2.49298,-11.577,-11.7533,-11.4007
GRB190515B,3.68578,3.51994,3.85161,2.4,5.1,0.948964,0.809895,1.08803,-11.2285,-11.3378,-11.1192
GRB190519A,3.34823,3.29979,3.39667,2.3,5.4,1.10892,1.08133,1.13652,-9.645,-9.67826,-9.61174
GRB190604B,3.5915,3.51187,3.67113,2.64,5,1.14658,1.09125,1.20192,-10.0302,-10.0889,-9.97149
GRB190613B,4.42656,4.35914,4.49398,3.2,6,0.987946,0.943971,1.03192,-10.9611,-11,-10.9221
GRB190706B,3.61223,3.45744,3.76702,2.6,5.4,0.994626,0.873939,1.11531,-11.2376,-11.3311,-11.144
GRB190719C,4.666,4.60248,4.72953,2.79,6,1.42354,1.35661,1.49047,-11.0479,-11.1253,-10.9705
GRB050315,4.86356,4.81844,4.90868,2.7,6,1.10818,1.05902,1.15735,-11.3757,-11.4082,-11.3433
GRB050319,3.73997,3.67804,3.8019,2.56,6,0.863159,0.828601,0.897717,-10.7047,-10.7464,-10.6631
GRB050401,3.12435,3.09602,3.15268,2,6,0.984108,0.958047,1.01017,-9.65399,-9.67345,-9.63454
GRB050416A,2.99481,2.92405,3.06558,2,6.5,0.842217,0.827268,0.857165,-10.5564,-10.6048,-10.508
GRB050730,4.05018,4.03239,4.06798,2.2,6,2.38763,2.33383,2.44143,-10.0984,-10.125,-10.0718
GRB050802,3.63973,3.60713,3.67233,2.1,6,1.44729,1.41455,1.48003,-10.2869,-10.3144,-10.2594
GRB050803,4.21721,4.16955,4.26487,2.6,6.2,1.52234,1.47364,1.57103,-10.8602,-10.9091,-10.8113
GRB050824,5.08558,4.95836,5.2128,2.1,7,0.954481,0.864503,1.04446,-12.2388,-12.3074,-12.1703
GRB050826,4.76235,4.62377,4.90093,4,6,1.801,1.56568,2.03644,-12.3335,-12.5675,-12.0994
GRB051016B,4.25742,4.19925,4.3156,2.3,6.1,1.14771,1.09917,1.19625,-11.5896,-11.635,-11.5443
GRB051109A,3.91123,3.86486,3.9576,2.3,6.1,1.22299,1.20383,1.24214,-10.5194,-10.5676,-10.4713
GRB051109B,3.65548,3.52884,3.78213,1,6.1,1.251,1.12883,1.37317,-11.5749,-11.6671,-11.4827
GRB051221A,4.20075,4.11566,4.28583,3,6.1,1.09586,1.0401,1.15162,-11.6936,-11.7566,-11.6306
GRB060115,3.69688,3.57387,3.8199,3,6,0.889919,0.836035,0.943803,-11.2952,-11.3764,-11.214
GRB060124,4.47599,4.43932,4.51265,3,6.4,1.3641,1.34783,1.38037,-10.6893,-10.7338,-10.6449
GRB060206,3.93814,3.8637,4.01258,2,6.4,1.17565,1.14698,1.20432,-10.6316,-10.7022,-10.5611
GRB060210,4.15028,4.11992,4.18065,2.8,6.4,1.20511,1.18214,1.22808,-10.6679,-10.6971,-10.6387
GRB060218,5.07614,4.9355,5.21678,4.2,6,1.3185,1.21034,1.42681,-11.8228,-11.983,-11.6626
GRB060223A,2.78682,2.55205,3.02159,2,4,1.1892,1.00915,1.36925,-10.9636,-11.1618,-10.7654
GRB060306,3.61496,3.57044,3.65948,2.4,6,1.03794,1.01296,1.06292,-10.7056,-10.7405,-10.6706
GRB060502A,3.3865,3.31142,3.46159,2.3,6.4,0.897152,0.876627,0.917678,-10.5532,-10.6099,-10.4964
GRB060510B,4.43617,4.11989,4.75245,3.2,6,1.00735,0.775981,1.23872,-12.2656,-12.4862,-12.045
GRB060526,3.8752,3.78304,3.96736,2.95,6,1.05873,0.996411,1.12104,-11.305,-11.3729,-11.2372
GRB060604,4.45991,4.40997,4.50985,2.6,6.2,1.21596,1.16901,1.26291,-11.7689,-11.8109,-11.727
GRB060605,4.04162,4.00425,4.079,2.31,5,1.9179,1.8329,2.0029,-11.2609,-11.3141,-11.2078
GRB060607A,4.37412,4.34828,4.39996,2.7,5.4,3.43151,3.2684,3.59463,-11.0226,-11.0987,-10.9465
GRB060614,5.03344,5.00454,5.06234,2.7,6.5,1.9453,1.88548,2.00514,-11.7815,-11.8244,-11.7386
GRB060708,3.50569,3.44297,3.56842,2.27,6.2,1.12969,1.10116,1.15821,-10.8688,-10.93,-10.8077
GRB060714,3.73449,3.68772,3.78125,2.46,6.2,1.20488,1.16958,1.24019,-10.8586,-10.8938,-10.8234
GRB060729,5.1057,5.09287,5.11852,2.75,7.2,1.35481,1.34139,1.36824,-11.1507,-11.1623,-11.1391
GRB060814,4.22387,4.18901,4.25872,3.03,6.2,1.29504,1.27047,1.3196,-10.9108,-10.9461,-10.8755
GRB060904B,3.87074,3.78945,3.95204,2.69,6.2,1.36265,1.3205,1.4048,-11.1163,-11.2029,-11.0296
GRB060906,4.33479,4.26264,4.40693,2.5,6,1.71887,1.54924,1.88851,-11.8833,-11.9717,-11.7948
GRB060908,2.81918,2.75925,2.87911,1.5,6,1.38309,1.33345,1.43273,-9.62707,-9.67226,-9.58189
GRB061021,3.23849,3.2045,3.27248,2.29,7,1.01707,1.00665,1.02748,-10.0409,-10.0673,-10.0145
GRB060927,3.15198,3.04355,3.26042,1.68,5.2,1.39098,1.2722,1.50977,-10.7768,-10.8579,-10.6956
GRB061121,3.78753,3.7705,3.80456,2.27,6.5,1.35185,1.336,1.3677,-10.0299,-10.0426,-10.0173
GRB061201,3.49343,3.39955,3.58732,1.5,5.2,1.98937,1.81986,2.15887,-10.4135,-10.5071,-10.3198
GRB070110,4.26825,4.21425,4.32224,2.4,6.5,1.42725,1.3807,1.47381,-11.0488,-11.1036,-10.9941
GRB070208,3.44468,3.30354,3.58582,2,5.2,1.2125,1.149,1.27614,-10.8636,-11.0255,-10.7017
GRB070306,4.86926,4.84102,4.8975,2.7,6.1,1.89982,1.83794,1.9617,-11.2737,-11.3072,-11.2402
GRB070521,3.55243,3.50399,3.60087,1.8,5.5,1.44502,1.38882,1.50122,-10.0125,-10.0615,-9.96348
GRB070529,3.09323,3.02519,3.16128,2.2,5.8,1.21432,1.17931,1.24933,-10.2468,-10.302,-10.1916
GRB070714B,3.22974,3.13514,3.32434,2.47,5,1.64623,1.5378,1.75465,-10.7429,-10.8422,-10.6435
GRB070802,3.92184,3.6856,4.15809,2.5,5.5,1.16348,0.954603,1.37236,-11.672,-11.8459,-11.498
GRB070809,4.18985,3.98287,4.39684,2.4,5,1.17521,0.779564,1.57085,-11.9611,-12.1528,-11.7694
GRB070810A,3.36583,3.29396,3.4377,2,5,1.36994,1.29203,1.44786,-10.7777,-10.8395,-10.716
GRB080310,4.326080559,4.2880938,4.364067319,3,6,1.595906475,1.530630124,1.661182827,-11.39909559,-11.44156902,-11.35662216
GRB080319B,5.367999124,5.28037267,5.455625577,4.8,6.5,1.422509787,1.347369882,1.497649692,-12.15166808,-12.24944753,-12.05388862
GRB080319C,3.19029,3.15122,3.24548,1.4,6,1.45203,1.4267,1.48378,-8.91652,-8.96407,-8.86399
GRB080411,4.209325619,4.160050039,4.2586012,3.8,6.5,1.28909841,1.278801617,1.299395203,-10.11356029,-10.17399572,-10.05312486
GRB080430,4.217629106,4.179240584,4.256017629,2.5,6.5,0.992697628,0.971762559,1.013632697,-11.17223461,-11.20041558,-11.14405365
GRB080516,3.774528265,3.66347057,3.885585961,2.8,5,0.940169156,0.855280798,1.025057514,-11.12117508,-11.19897875,-11.04337142
GRB080607,3.462984031,3.393324717,3.532643345,3,6,1.725607399,1.687970012,1.763244787,-10.05407183,-10.16449255,-9.94365111
GRB080710,4.09266933,4.038458543,4.146880117,2,6,1.521337846,1.457321415,1.585354276,-11.2325386,-11.29523358,-11.16984362
GRB080721,2.87876286,2.871208044,2.886317675,2,6.1,1.334375589,1.327939916,1.340811262,-8.713485538,-8.720504837,-8.70646624
GRB080810,3.268754796,3.229016108,3.308493483,2.4,6,1.445295258,1.409155963,1.481434553,-9.931925517,-9.963756223,-9.900094811
GRB080905B,3.678206148,3.63938066,3.717031637,2.2,6,1.369462258,1.336160506,1.402764009,-10.11185797,-10.14422254,-10.0794934
GRB080928,4.084505029,4.036588261,4.132421798,3,5.5,1.760317743,1.684347008,1.836288478,-11.12613293,-11.19061697,-11.0616489
GRB081007,3.58176278,3.497478382,3.666047178,2.4,6.1,1.00469263,0.965557779,1.043827481,-10.58510158,-10.6382627,-10.53194047
GRB081008,3.855508334,3.79922265,3.911794018,3,6,1.473984673,1.409995994,1.537973352,-10.79325557,-10.85378546,-10.73272568
GRB081028A,4.75426,4.7306,4.7911,3.7,6,2.20023,2.15344,2.26287,-11.3994,-11.4547,-11.3403
GRB081029,4.481561711,4.438708301,4.52441512,2.5,6,2.519603733,2.350405212,2.688802254,-11.86226923,-11.94552003,-11.77901842
GRB081221,2.931957486,2.900780835,2.963134137,2.4,6,1.235861256,1.222999399,1.248723112,-9.354590372,-9.379575872,-9.329604872
GRB081230,3.669593645,3.582243375,3.756943914,2.5,6,0.993764978,0.95338356,1.034146396,-11.3297064,-11.3998508,-11.259562
GRB090102,3.153800766,3.11221042,3.195391111,2,6,1.424876309,1.403089714,1.446662905,-9.456627445,-9.492867428,-9.420387462
GRB090205,3.70655,3.61227,3.84144,2.6,6,1.29089,1.20754,1.37591,-11.3423,-11.4754,-11.2065
GRB090418A,3.528136567,3.497377547,3.558895588,2.1,5.6,1.529096669,1.486942155,1.571251182,-10.04734554,-10.07600494,-10.01868613
GRB090424,2.995990561,2.982595747,3.009385375,2.3,6.5,1.128410598,1.122863712,1.133957485,-9.050589497,-9.061846595,-9.039332398
GRB090510,3.17793555,3.142933083,3.212938016,2,5,2.00074629,1.929305882,2.072186698,-10.11471036,-10.15694036,-10.07248037
GRB090516,4.33113504,4.301419725,4.360850355,3,6,1.760983139,1.70763155,1.814334727,-11.27458086,-11.31237691,-11.23678481
GRB090529,4.472757799,4.253752459,4.691763138,3.3,6,0.8815438,0.767868578,0.995219022,-12.1873998,-12.30287914,-12.07192046
GRB090530,3.683946399,3.56858137,3.799311427,2.7,6,0.886105811,0.847591609,0.924620012,-11.16037428,-11.2495499,-11.07119865
GRB090618,3.672754528,3.658508915,3.68700014,2.8,6,1.309428612,1.298836996,1.320020228,-9.639275838,-9.648971093,-9.629580584
GRB090809,4.56066,4.32235,4.79808,3.9,5.5,1.6367,1.22327,1.86208,-11.8559,-12.1374,-11.4614
GRB090927,4.201218887,4.107976938,4.294460836,3,6,1.130877409,1.056033438,1.20572138,-11.67225839,-11.74852686,-11.59598991
GRB091018,2.896555345,2.862057467,2.931053222,1.9,6,1.180748671,1.164413557,1.197083785,-9.626765539,-9.651054142,-9.602476935
GRB091020,2.952650108,2.907378853,2.997921363,2.4,6,1.174172639,1.155927778,1.1924175,-9.71287528,-9.747355967,-9.678394593
GRB091029,4.303689975,4.269465973,4.337913978,2.8,6.3,1.121233681,1.094451657,1.148015706,-11.34682089,-11.37245441,-11.32118737
GRB091109A,3.379338831,3.305069955,3.453607708,2.65,6,1.061528156,1.027808585,1.095247728,-11.14600534,-11.20541568,-11.086595
GRB091127,3.984668123,3.962732917,4.00660333,2,6.5,1.395817008,1.382229699,1.409404317,-9.845087061,-9.863649576,-9.826524545
GRB091208B,3.313880941,3.260952765,3.366809118,2,6,1.160654102,1.130151648,1.191156556,-10.18031025,-10.21711667,-10.14350384
GRB100219A,4.721899099,4.618125636,4.825672562,2.9,5.2,3.692984743,2.962131341,4.423838146,-12.13530676,-12.46170239,-11.80891114
GRB100316B,3.554376695,3.347027934,3.761725455,2.2,6,1.362460631,1.229239671,1.495681591,-11.14843575,-11.25274817,-11.04412333
GRB100418A,5.54363,5.47702,5.62797,3,6.5,1.81145,1.63793,1.97365,-12.4879,-12.5799,-12.365
GRB100425A,3.601994145,3.486868609,3.717119681,2.5,6,0.86819371,0.813116815,0.923270604,-11.50116648,-11.57202554,-11.43030741
GRB100513A,3.745229112,3.616612494,3.873845729,3,6,0.963061356,0.90149192,1.024630793,-11.57203392,-11.67021081,-11.47385703
GRB100621A,3.641643859,3.581188784,3.702098934,2.6,6.3,0.940793212,0.916615947,0.964970477,-9.803161737,-9.844444214,-9.761879261
GRB100625A,2.438622571,2.199208507,2.678036635,1.9,4.3,1.846579684,1.603598183,2.089561185,-10.87971113,-11.2413526,-10.51806966
GRB100704A,3.625034952,3.57139558,3.678674325,2.8,6.3,1.012942109,0.994802149,1.031082068,-10.35197547,-10.39960993,-10.30434101
GRB100724A,2.865025016,2.696096259,3.033953773,2,6,1.112376912,1.047374043,1.17737978,-10.67686549,-10.82429366,-10.52943732
GRB100728A,4.031486055,3.977723571,4.085248539,3.8,6,1.558814298,1.524548502,1.593080094,-10.17610694,-10.25218204,-10.10003184
GRB100814A,5.227294768,5.191947631,5.262641906,2.8,6,1.765329405,1.681314236,1.849344573,-11.49332637,-11.53695273,-11.44970001
GRB100816A,3.978012985,3.865998981,4.09002699,2.8,6,1.044550126,0.997374972,1.09172528,-11.55672426,-11.64347348,-11.46997504
GRB100901A,4.91124,4.89036,4.93886,3,6.3,1.50754,1.47701,1.54952,-11.3406,-11.3651,-11.3085
GRB100906A,3.940747677,3.900814362,3.980680993,2.6,6,1.712200563,1.652860479,1.771540647,-10.46986676,-10.51860984,-10.42112367
GRB101219B,4.420039515,4.253210151,4.58686888,3.8,6.4,0.669181368,0.629790741,0.708571996,-11.99592706,-12.08537333,-11.90648078
GRB110106B,3.872039463,3.81332506,3.930753867,2,6,1.225198834,1.175307606,1.275090062,-10.81420494,-10.85974849,-10.76866138
GRB110213A,3.84089,3.81962,3.86665,2.1,6,1.8412,1.81639,1.87209,-9.89698,-9.93009,-9.85833
GRB110422A,3.500669708,3.471196996,3.530142421,2,6,1.422398856,1.39961914,1.445178572,-9.681672985,-9.705810392,-9.657535579
GRB110503A,2.541665548,2.512777587,2.570553509,1.9,6,1.146490626,1.140200712,1.15278054,-9.082336001,-9.111334072,-9.05333793
GRB110715A,2.611097194,2.575496314,2.646698075,1.9,6,0.958535376,0.9489813,0.968089452,-9.075883162,-9.099659691,-9.052106632
GRB110731A,5.089520716,4.998817901,5.18022353,4.5,6,1.423519273,1.312663972,1.534374574,-12.08537383,-12.18279233,-11.98795534
GRB110818A,3.846274153,3.786625737,3.905922569,3.2,6,1.371677184,1.304338994,1.439015373,-11.28292779,-11.33807684,-11.22777874
GRB111008A,3.989933926,3.95425723,4.025610622,2.5,6,1.215842875,1.188491585,1.243194166,-10.66765993,-10.69617102,-10.63914885
GRB111123A,4.42202873,4.351372959,4.492684501,3.7,5.5,1.467233707,1.361349561,1.573117854,-11.60816955,-11.68125782,-11.53508128
GRB111228A,4.106278347,4.069013922,4.143542772,2.7,6,1.152976617,1.129677346,1.176275889,-10.65738581,-10.68750416,-10.62726747
GRB120118B,3.68307,3.57391,3.83744,2.5,5,1.0241,0.953778,1.10809,-10.956,-11.068,-10.8336
GRB120327A,3.485172154,3.433493057,3.53685125,2.4,5.4,1.44859414,1.390591258,1.506597022,-10.15210338,-10.1957283,-10.10847846
GRB120404A,3.79948,3.75479,3.89136,2.6,5.2,1.90651,1.7885,2.03127,-11.0269,-11.1683,-10.9342
GRB120422A,5.232666974,5.014848353,5.450485595,2.6,6.2,0.86153199,0.647080058,1.075983923,-12.73909646,-12.85739888,-12.62079404
GRB120729A,3.521384868,3.474090097,3.56867964,2.3,5,2.263127344,2.133038862,2.393215826,-10.29748949,-10.36655781,-10.22842117
GRB120802A,3.538384192,3.31782698,3.758941404,2.4,4.3,0.542155161,0.423992871,0.660317451,-11.17207165,-11.25010386,-11.09403944
GRB120811C,3.159095907,3.074895606,3.243296209,2.3,6,1.016132987,0.978131997,1.054133977,-10.14322956,-10.19617642,-10.0902827
GRB120907A,3.211382703,3.149086009,3.273679396,2,6,1.053291038,1.024643767,1.081938308,-10.37700557,-10.41830898,-10.33570216
GRB120922A,3.59799,3.54452,3.81127,2.9,6,1.06622,1.03418,1.10544,-10.5957,-10.8072,-10.4799
GRB121024A,4.171788233,4.106353149,4.237223318,3,6,1.303535506,1.236874016,1.370196996,-11.31120735,-11.37451325,-11.24790146
GRB121027A,5.409190417,5.371236686,5.447144148,4.5,6.6,1.509957635,1.451017941,1.568897328,-11.92063319,-11.96221735,-11.87904904
GRB121128A,3.23392922,3.204133652,3.263724787,2.2,5,1.545465839,1.513020838,1.57791084,-9.618411717,-9.64710174,-9.589721693
GRB121211A,4.209335181,4.146088022,4.272582339,3,5.75,1.156156118,1.081553289,1.230758946,-11.28203604,-11.33628681,-11.22778526
GRB130408A,3.58393,3.51362,3.65423,2,5.5,1.39277,1.32847,1.45707,-10.3302,-10.4072,-10.2532
GRB130418A,2.59006,2.52139,2.65873,2.2,5.8,1.28449,1.25287,1.31612,-9.24742,-9.30789,-9.18695
GRB130420A,3.56731,3.48196,3.65266,2.8,6.2,0.914676,0.885986,0.943367,-10.8721,-10.9272,-10.8171
GRB130511A,2.65954,2.57016,2.74893,2,5,1.16497,1.11581,1.21413,-10.5162,-10.6,-10.4324
GRB130514A,3.68772,3.60935,3.76608,2.9,5.8,1.17745,1.13557,1.21933,-10.7207,-10.7987,-10.6427
GRB130603B,3.52927,3.48415,3.5744,1.9,5.2,1.50729,1.43647,1.57811,-10.5122,-10.5556,-10.4689
GRB130606A,3.30222,3.2244,3.38004,2.7,5.5,1.37571,1.32385,1.42757,-10.1806,-10.2487,-10.1124
GRB130831A,3.31959,3.23055,3.40864,2.2,6,1.28481,1.21754,1.35208,-9.89284,-9.94766,-9.83803
GRB130925A,5.84588,5.78164,5.91012,4.2,6.5,1.38344,1.2566,1.51028,-10.6253,-10.6877,-10.563
GRB131004A,3.19808,2.95348,3.44268,2,4.5,2.10218,1.82471,2.37965,-10.0154,-10.3553,-9.67559
GRB131105A,3.9488,3.90091,3.99668,2.6,6,1.19347,1.14803,1.23891,-10.9111,-10.9445,-10.8778
GRB131117A,2.87134,2.74673,2.99595,2.2,5.5,0.951056,0.9148,0.987311,-10.8393,-10.9216,-10.757
GRB140206A,3.59073,3.5694,3.61205,2.6,6.2,1.22509,1.20954,1.24063,-9.7298,-9.74279,-9.7168
GRB140419A,3.68383,3.65941,3.70825,3,6.2,1.36898,1.35109,1.38686,-10.0056,-10.0296,-9.98163
GRB140423A,3.90552,3.85057,3.96047,2.5,6,1.18974,1.14462,1.23485,-10.8523,-10.9026,-10.8019
GRB140430A,4.14388,4.01317,4.27459,3.6,5.2,0.875171,0.791799,0.958544,-11.3621,-11.4482,-11.276
GRB140506A,3.30686,3.23804,3.37568,2.8,6.2,0.948932,0.933362,0.964502,-9.90438,-9.95954,-9.84922
GRB140512A,3.53686,3.51457,3.55914,2.4,5.5,1.25134,1.23128,1.2714,-9.50443,-9.51947,-9.48939
GRB140518A,3.77824,3.70812,3.84837,2.4,4.5,1.64981,1.46162,1.838,-11.3117,-11.4022,-11.2213
GRB140614A,3.70006,3.60111,3.799,2.8,5.2,1.35595,1.26281,1.4491,-10.9589,-11.0718,-10.846
GRB140629A,2.85608,2.79447,2.91769,2,5.2,1.16056,1.12555,1.19557,-9.84891,-9.8917,-9.80613
GRB140903A,4.29222,4.21807,4.36638,2.4,5.2,1.22723,1.11695,1.33752,-11.3095,-11.3735,-11.2456
GRB141004A,3.30337,3.22143,3.3853,2,5,1.54959,1.45185,1.64733,-10.6117,-10.697,-10.5264
GRB141121A,5.76634,5.67625,5.85644,4.4,6.2,2.33322,2.03632,2.63012,-12.6568,-12.8243,-12.4893
GRB150120B,3.39431,3.30378,3.48485,2,5.5,1.17705,1.11935,1.23476,-10.791,-10.8621,-10.7199
GRB150910A,3.85419,3.82551,3.88287,2.2,5.5,2.03808,1.97145,2.10471,-9.97065,-10.0028,-8.59487
GRB151031A,3.69323,3.5264,3.86005,2,5,0.897942,0.773473,1.02241,-11.5208,-11.6135,-9.57936
GRB151112A,4.43227,4.36926,4.49529,2,5.8,1.1526,1.08406,1.22114,-11.6171,-11.6643,-11.5699
GRB151215A,3.06337,2.94749,3.17925,2,5.5,1.07478,1.00338,1.14617,-10.7285,-10.8215,-10.6355
GRB160117B,4.10299,3.94092,4.26507,3.5,5.5,0.973333,0.879374,1.06729,-11.7503,-11.8729,-11.6276
GRB160121A,3.8244,3.70401,3.94478,2.4,5,0.798663,0.692615,0.904711,-11.1726,-11.242,-11.1032
GRB160227A,4.47751,4.43866,4.51636,3.2,6.2,1.10229,1.06795,1.13663,-10.9957,-11.0263,-10.9652
GRB160327A,3.76407,3.70374,3.8244,2.45,5,1.49693,1.39653,1.59733,-11.2238,-11.2911,-11.1565
GRB160804A,4.38419,4.28882,4.47957,3.1,6,0.948229,0.878166,1.01829,-11.5213,-11.58,-11.4625
GRB161108A,4.69106,4.50927,4.87285,2.8,6,0.883711,0.802456,0.964967,-11.8136,-11.9471,-11.68
GRB161117A,4.08464,4.04445,4.12483,3,6.2,1.141,1.11735,1.16465,-10.7485,-10.7868,-10.7101
GRB161129A,3.70506,3.65434,3.75579,2,5,2.32574,2.21946,2.43202,-10.4365,-10.6428,-10.4303
GRB161219B,4.0135,3.97509,4.05191,3,7,0.871656,0.862988,0.880324,-10.1364,-10.1641,-10.1087
GRB170202A,3.77629,3.70764,3.84495,2.4,6,1.1958,1.13664,1.25495,-10.6535,-10.6983,-10.6086
GRB170519A,4.1513,4.09907,4.20354,2.9,5.5,1.37345,1.30671,1.4402,-11.0633,-11.1163,-11.0103
GRB170531B,3.80257,3.68822,3.91692,3,5,1.02082,0.913396,1.12825,-11.3962,-11.4804,-11.3121
GRB170705A,3.63746,3.57143,3.70349,2.8,5,0.774169,0.746836,0.801502,-10.1867,-10.2272,-10.1461
GRB170903A,4.41384,4.34791,4.47978,2,6,0.971187,0.919918,1.02246,-11.2604,-11.3013,-11.2194
GRB171205A,5.48376,5.37422,5.59331,3,6.6,1.13263,1.01717,1.24808,-12.4293,-12.5012,-12.3574
GRB171222A,4.78231,4.40386,5.16077,3.3,6,0.718496,0.59154,0.845452,-12.1094,-12.3191,-11.8996
GRB180205A,3.21372,3.1249,3.30253,2.5,6,1.09633,1.05423,1.13842,-10.3067,-10.3713,-10.2422
GRB180329B,4.02296,3.97982,4.0661,2.8,5.2,1.50063,1.43097,1.5703,-11.1493,-11.1975,-11.101
GRB180404A,4.20449,4.08029,4.32869,2.4,6,1.17089,1.0686,1.27318,-11.6243,-11.6904,-11.5582
GRB180620B,4.6659,4.59877,4.73302,3,6,1.09835,1.0389,1.15779,-10.9823,-11.026,-10.9386
GRB180728A,3.8695,3.85476,3.88425,2,7,1.1986,1.1895,1.2077,-9.42335,-9.43324,-9.41347
GRB181010A,3.15711,3.0993,3.21491,2,6,1.07011,1.03673,1.10348,-9.92652,-9.96114,-9.89191
GRB181020A,4.29043,4.24287,4.33798,3.2,5.2,2.64643,2.55445,2.73842,-10.4242,-10.606,-10.3224
GRB181110A,3.7664,3.71167,3.82113,2.5,5.2,1.92336,1.84893,1.99779,-10.3961,-10.4868,-10.3054
GRB190106A,4.19124,4.16014,4.22233,2.45,6.2,1.26841,1.24141,1.29542,-10.4325,-10.4611,-10.404
GRB190114A,3.74534,3.70312,3.78755,2.6,5,1.18375,1.13759,1.22991,-10.7527,-10.7864,-10.7191
GRB190627A,4.71457,4.65322,4.77592,2.5,5.8,1.55937,1.43953,1.67921,-11.3984,-11.46,-11.3369
GRB050922C,2.52429,2.48998,2.55859,1,6,1.22035,1.20708,1.23363,-9.4772,-9.50914,-9.44526
GRB060926,3.351,3.25173,3.45027,2.5,6,1.45111,1.3355,1.56672,-10.8475,-10.9299,-10.765
GRB061110A,2.24614,2.21279,2.27949,1.67,3.9,4.46435,4.34489,4.58381,-8.33235,-8.54265,-8.12205
GRB061222A,3.92091,3.89648,3.94535,2.38,6.2,1.35061,1.33254,1.36869,-9.95369,-9.9768,-9.93058
GRB070508,3.02525,3.01336,3.03714,2,6,1.37377,1.36042,1.38713,-9.16118,-9.17197,-9.15038
GRB130505A,3.24559,3.22123,3.26994,2.3,6.5,1.3304,1.31475,1.34605,-8.91732,-8.93229,-8.90234
GRB131030A,2.84594,2.81837,2.87352,2.5,6.2,1.11188,1.10373,1.12003,-9.29414,-9.31932,-9.26897
GRB150314A,2.49217,2.47632,2.50803,2,6,1.19079,1.18086,1.20071,-8.6099,-8.62492,-8.59487
GRB150403A,3.19694,3.18997,3.20392,2,6.2,1.24471,1.24013,1.24929,-8.82118,-8.82629,-8.81608
GRB150821A,2.95174,2.93625,2.96722,2.2,6,1.82628,1.79892,1.85365,-8.85242,-8.87352,-8.83131
GRB151021A,3.15765,3.10557,3.20973,2.4,5.5,1.33346,1.31205,1.35487,-9.64218,-9.705,-9.57936
GRB151027A,3.99907,3.98176,4.01638,2.7,6,1.74508,1.72009,1.77007,-9.93519,-9.9574,-9.91298
GRB180720B,3.62033,3.61419,3.62647,3,6.3,1.34127,1.3359,1.34665,-8.84853,-8.8535,-8.84355
GRB050904,4.6841,4.58562,4.78257,3.2,6,3.32203,2.69728,3.94677,-11.4544,-11.7493,-11.1596
GRB090423,3.915217718,3.837574123,3.992861312,3,6,1.432675325,1.368621959,1.496728691,-11.28019875,-11.36589439,-11.19450311
GRB090429B,3.19881,3.0754,3.37249,1,5.4,1.4371,1.35176,1.5339,-10.9294,-11.1042,-10.7647
GRB170405A,3.630073801,3.594403102,3.6657445,2.8,6,1.811524263,1.739122876,1.88392565,-10.31070761,-10.35896295,-10.26245226
GRB170714A,4.280802321,4.256865912,4.30473873,2.8,6,3.421196945,3.271619963,3.570773926,-10.07543958,-10.14183538,-10.00904379
GRB180624A,4.171185481,4.071806426,4.270564536,3,6,1.243849338,1.120482895,1.367215782,-11.54404073,-11.63219066,-11.45589079
GRB070223,4.22335,4.02024,4.42645,3,6,0.991734,0.912424,1.07104,-11.8633,-12.0295,-11.6972
GRB111209A,4.13326,4.12281,4.14372,2.58,6.4,2.77382,2.72947,2.81817,-9.0572,-9.07819,-9.03621
GRB121229A,4.70907,4.32183,5.09631,3.6,5.4,0.900754,0.476397,1.32511,-12.3592,-12.6216,-12.0968
GRB050318,4.132084541,4.088304205,4.175864876,2.7,5,1.874408221,1.788501702,1.960314741,-11.15470519,-11.21652488,-11.0928855
GRB050505,4.270583544,4.240515952,4.300651136,2,6,1.462094791,1.4261685,1.498021082,-11.04834786,-11.08106963,-11.01562609
GRB071020,2.311950854,2.272688793,2.351212916,1.5,6.2,1.119196934,1.108043725,1.130350143,-9.169100889,-9.204200711,-9.134001067
GRB071117,3.901990464,3.784827497,4.019153431,2,5,1.104952391,1.015564589,1.194340193,-11.23542972,-11.3364541,-11.13440533
GRB050820A,3.750945731,3.512468203,3.98942326,2.5,6,1.136499703,1.123974002,1.149025404,-10.01825047,-10.28499148,-9.751509454
GRB060912A,2.455171016,2.298606152,2.61173588,1.5,6,1.045731532,1.016793746,1.074669317,-10.10808621,-10.25550616,-9.960666254
GRB111117A,3.040958613,2.872004503,3.209912722,2.5,6,1.320391508,1.202614838,1.438168178,-11.5614784,-11.7222076,-11.4007492
GRB130604A,2.071571247,1.971387234,2.17175526,1.9,5.2,1.742079764,1.700426193,1.783733335,-8.315649473,-8.482091198,-8.149207748
GRB140213A,3.829176603,3.760532714,3.897820491,3.5,6.4,1.108879519,1.087133227,1.130625811,-10.12566612,-10.18870194,-10.0626303
GRB160203A,3.66139836,3.574387933,3.748408786,2.5,5.2,1.146279559,1.086088659,1.206470459,-11.36748516,-11.45207195,-11.28289837
GRB070721B,3.94739,3.88071,4.08239,3.6,5.2,2.5054,2.42127,2.60415,-10.5089,-10.8304,-10.1008
GRB071003,4.78411,4.6856,4.88261,4,5.5,1.97901,1.79591,2.16212,-11.6776,-11.8135,-11.5417
GRB080916A,3.60698,3.53348,3.68047,3,6.1,0.998947,0.972899,1.025,-10.7527,-10.8119,-10.6935
GRB081203A,4.02089,3.98157,4.06021,3,6,1.86904,1.80465,1.93344,-10.9244,-10.9813,-10.8674
GRB090519,3.44619,3.2059,3.68648,2.6,4.3,1.42452,1.11802,1.73102,-11.76,-11.9715,-11.5486
GRB090812,3.52924,3.39666,3.66182,3,6,1.37252,1.2884,1.45664,-10.1673,-10.2734,-10.0611
GRB110808A,4.50711,4.35146,4.66277,2.8,6,0.807091,0.729491,0.884691,-12.0844,-12.1681,-12.0007
GRB120804A,2.56606,2.38804,2.74408,2.17,6,1.09546,1.05838,1.13255,-9.76499,-9.93053,-9.59945
GRB141220A,2.77561,2.71823,2.83298,2,4.5,1.42066,1.36992,1.47139,-9.87283,-9.91528,-9.83037
GRB060418,3.11887,3.06163,3.17612,2.6,6,1.47655,1.43185,1.52126,-9.79296,-9.842,-9.74392
GRB060707,3.5545,3.4266,3.68239,2.59,6.6,0.861995,0.825547,0.898444,-10.9132,-10.9902,-10.8363
GRB090426,2.64657,2.55801,2.76734,1.7,6,1.00429,0.962438,1.04777,-10.6655,-10.7474,-10.5729
GRB140509A,3.58709,3.52293,3.70036,2.85,5,1.40649,1.312,1.52036,-11.0977,-11.1759,-11.008
GRB151029A,2.7098,2.59701,2.84531,2,4.6,1.23481,1.16457,1.31059,-10.7664,-10.8566,-10.6619
GRB190824A,3.859869433,3.787669835,3.958741019,2.6,-,0.8746777398,0.8260788338,0.9374248771,-10.57249958,-10.61040636,-10.52413754
GRB191004A,2.916693159,2.870276288,2.975326252,1.8,-,1.446428582,1.397795133,1.499286396,-9.87197587,-9.911444464,-9.824560209
GRB191017B,3.625538993,3.528018334,3.742563899,2.4,-,1.065727767,1.000447407,1.136257544,-10.9840879,-11.04137567,-10.91528308
GRB191029A,4.132055791,4.027779376,4.273049703,3.4,-,1.136328838,0.9968137881,1.291856931,-11.9171195,-12.0236941,-11.80613505
GRB191101A,4.573148524,4.523448085,4.637390107,2.7,-,0.9696982381,0.9167112791,1.037386164,-11.43395369,-11.46271783,-11.38978267
GRB191122A,2.365704286,2.337397728,2.400773519,1.9,-,1.59695354,1.578306973,1.6214276,-8.801430941,-8.834437309,-8.755083796
GRB191123A,4.250580047,4.199233489,4.313264651,2.75,-,1.55998967,1.428378725,1.713009624,-11.29227292,-11.35688547,-11.21974068
GRB191220A,4.052629645,3.788878141,4.423186918,2.85,-,0.6351270846,0.5112919955,0.743874156,-11.74516561,-11.8979218,-11.61068264
GRB191228A,3.846513261,3.805972918,3.897114736,2.57,-,1.367692873,1.333491011,1.412217885,-10.44568588,-10.4885754,-10.38563186
GRB200131A,2.360780925,2.326639292,2.402591318,2,-,1.07494636,1.065798685,1.086586781,-8.968507695,-8.997290174,-8.931958636
GRB200215A,2.512093808,2.412035411,2.65751101,1.8,-,1.04418345,1.006174825,1.093214953,-9.723850209,-9.820767094,-9.622336932
GRB200219A,2.334286912,2.324183168,2.354019604,1.8,-,3.598702494,3.530574426,3.690841356,-9.296764634,-9.33870065,-9.240074471
GRB200227A,3.010993804,2.94551322,3.095634023,2.244,-,1.303786892,1.254530493,1.356356289,-9.687564965,-9.745276565,-9.613493845
GRB200303A,3.453245545,3.381456265,3.562865687,2.51,-,1.186908746,1.130304904,1.25240568,-9.435838418,-9.480494312,-9.392226368
GRB200306A,3.427610365,3.359987531,3.536470542,2.485,-,1.112361571,1.059139156,1.176628406,-10.28074006,-10.3490899,-10.19506931
GRB200306C,2.770435523,2.704353529,2.848965615,2,-,1.346581846,1.302948434,1.406607098,-9.661140246,-9.717025639,-9.601991731
GRB200324A,3.566879478,3.491647822,3.684250017,2.91,-,1.275683047,1.198285094,1.370990125,-10.57326696,-10.64754323,-10.48862131
GRB200409A,3.640130115,3.58272014,3.707571387,2,-,1.301024769,1.225674477,1.377593842,-11.22039854,-11.27305421,-11.16726289
GRB200410A,3.689712509,3.600886686,3.812763926,2.3,-,0.9218588873,0.8643991792,0.9965257309,-10.6644684,-10.71324682,-10.60105179
GRB200512A,2.503492782,2.471001489,2.552625317,1.8,-,1.923555946,1.853700031,2.005455718,-9.103104078,-9.158507287,-9.042535377
GRB200519A,3.372127039,3.343115106,3.404595155,2.35,-,1.248213241,1.229478615,1.270756534,-9.240671351,-9.256719073,-9.223979903
GRB200528A,3.241830944,3.176653324,3.335897617,2.439,-,1.094810279,1.056058198,1.142449227,-9.77877491,-9.841509659,-9.698324857
GRB200711A,3.42752772,3.363995784,3.526420765,2,-,1.186721346,1.123599458,1.263223402,-9.699855167,-9.744616658,-9.642252667
GRB200713A,4.378137384,4.295579357,4.465908233,2.58,-,1.142286648,1.059554245,1.220026998,-11.23774036,-11.29606025,-11.15695919
GRB200716C,3.129117702,3.03852207,3.232957183,2.5,-,1.453494082,1.387338593,1.515917317,-9.710315632,-9.780362663,-9.629376682
GRB200729A,3.090969833,3.033543352,3.165232971,1.5,-,1.697380089,1.639686809,1.768709147,-9.778348224,-9.836031186,-9.703876166
GRB200906A,3.841140067,3.723709187,3.981654787,2.5,-,0.9488270363,0.8692646254,1.064504198,-11.09609497,-11.1539121,-11.02137965
GRB200925B,4.084762641,3.986929844,4.231716995,2.1,-,1.440374215,1.296719705,1.6358144,-10.99872538,-11.07432168,-10.90068559
GRB201027A,3.049384969,2.979126554,3.130775131,2,-,1.271595028,1.184424735,1.378778458,-10.7155008,-10.7808518,-10.6391813
GRB201128A,3.679463687,3.624904652,3.767443935,2,-,1.183789234,1.114619891,1.273017486,-11.03263656,-11.08722403,-10.97711271
GRB201209A,4.182805303,4.15451541,4.215397693,2.209,-,1.165341129,1.137258074,1.199400213,-10.38624627,-10.40572868,-10.36232851
GRB201223A,3.554946214,3.475304088,3.678188585,2.2,-,1.412653305,1.293229222,1.5627282,-11.17200546,-11.24043453,-11.08116891
GRB201229A,4.188412371,4.140105233,4.254478144,2.73321,-,1.000829328,0.9677250876,1.04117875,-11.04269536,-11.07734926,-10.99980966
GRB210104A,3.209530433,3.196754632,3.224906833,1.95,-,1.204811571,1.192308552,1.220546161,-9.436937602,-9.447162747,-9.424683217
GRB210104B,3.459776802,3.387174061,3.589288751,2,-,0.9337519714,0.873096436,1.012254742,-10.53485246,-10.58180144,-10.4725268
GRB210112A,3.711567161,3.687866381,3.7395468,2.76,-,1.339873823,1.318047897,1.366888242,-9.795103339,-9.811728006,-9.774009786
GRB210207B,3.580026276,3.556227995,3.609139545,2.5,-,1.480796348,1.451432487,1.518033502,-10.07687728,-10.1009612,-10.04620321
GRB210217A,3.472452434,3.401663902,3.567110346,2,-,1.261531393,1.182577024,1.349648249,-10.77058837,-10.83448799,-10.70490868
GRB210226A,3.447987276,3.363164193,3.558012292,2.5,-,1.186945152,1.123184221,1.26578526,-10.80062444,-10.8590248,-10.73772359
GRB210308A,2.949465709,2.884934616,3.028808378,2.2,-,1.328188101,1.281303831,1.37969226,-9.684031081,-9.741614213,-9.613374154
GRB210318B,2.529315978,2.476543939,2.594145867,1.8,-,1.106249318,1.050735289,1.166751615,-9.034835349,-9.084704781,-8.983971412
GRB210712A,3.335392709,3.257647228,3.441958156,2.41,-,1.108650027,1.064229088,1.164838244,-10.34871299,-10.39640863,-10.28396959
GRB210725A,2.746349397,2.702258657,2.807749678,2,-,3.247288633,3.006387677,3.522114295,-10.63852398,-10.74975043,-10.50170994
GRB210807A,2.563765167,2.551014939,2.580375969,2.3,-,1.312048274,1.304614899,1.322426721,-8.43101269,-8.443794375,-8.410110365
GRB210912A,3.636089407,3.555805959,3.749572317,2.2,-,1.089625348,1.041280963,1.165491449,-10.89635225,-10.96882449,-10.82219874
GRB210930A,3.23526592,2.926788657,3.447394793,2.5,-,0.8959414613,0.7829754066,0.9605210193,-10.96336902,-11.09054372,-10.79525974
GRB211025A,3.624243496,3.525110483,3.786177554,2.8,-,1.129643755,1.000236253,1.279496536,-11.36646045,-11.46597603,-11.25642737
GRB220325A,3.571225848,3.448227877,3.749833454,2.3,-,0.8826062454,0.8064706941,0.9712749598,-11.16070525,-11.23054909,-11.09300642
GRB220403B,4.109914722,4.032810666,4.189447844,2.3,-,1.165021443,1.085574203,1.253343705,-11.22398954,-11.27362832,-11.15324278
GRB220408A,3.477782918,3.39319236,3.599650006,2,-,1.387634899,1.298396101,1.49299288,-10.20924231,-10.26927932,-10.14500095
GRB220430A,2.600879825,2.561612831,2.652516813,2.2,-,1.175040745,1.162591311,1.190736429,-8.894023386,-8.934945295,-8.848868503
GRB220518A,3.412896959,3.327581121,3.503014403,2,-,1.380600744,1.30848317,1.462936984,-10.76518937,-10.81694029,-10.69163608
GRB220706A,3.953350542,3.873232971,4.056120556,2.34646,-,1.301144251,1.245744201,1.367357032,-10.28488772,-10.34835921,-10.20829772
GRB220711B,3.49623541,3.420950462,3.598516772,2.5,-,1.034166863,0.9878666012,1.092648576,-10.63418911,-10.68361809,-10.56649046
GRB220714B,3.214003794,3.192551854,3.244300672,2.02,-,1.256960868,1.240127805,1.276885322,-9.394554808,-9.414663008,-9.370620686
GRB220715B,3.663491099,3.584081389,3.798813035,2,-,1.290526243,1.1668466,1.449412431,-10.92154675,-10.9955734,-10.82344952
GRB220813A,3.644444988,3.585772778,3.737271613,2.6,-,0.9247118615,0.8803017073,0.9782787486,-11.07417988,-11.11657542,-11.01919871
GRB220826A,3.270455166,3.195195036,3.376746812,2.2,-,1.252130272,1.190286058,1.325319596,-10.28524294,-10.34846718,-10.2165585
GRB221024A,4.414458521,4.380672824,4.455659748,2.8,-,1.915954953,1.807554793,2.029697765,-10.96112809,-11.01081389,-10.89025437
GRB230123A,3.454000172,3.31638413,3.65591613,2.3,-,1.007516006,0.8610367242,1.158632959,-11.67275767,-11.75143178,-11.54351485
GRB230228A,2.864455345,2.735281257,3.024018927,2.2,-,1.104154026,1.004644319,1.201262157,-10.98336409,-11.11087385,-10.8643394
GRB230322B,3.557335261,3.473901213,3.668356626,2,-,1.057861925,0.9965306514,1.135399975,-11.10504167,-11.15246838,-11.04062685
GRB230405B,2.410957782,2.371217032,2.459564141,1.8,-,1.070257133,1.050419452,1.095329384,-9.014237167,-9.045450537,-8.974687395
GRB230409B,3.057792946,2.962736877,3.173252206,2.55,-,0.9829492166,0.952159385,1.017853233,-9.73267374,-9.806724293,-9.641380974
GRB230420A,3.940190672,3.787516737,4.104947253,2.9,-,1.230740533,1.026387067,1.404159307,-11.52059596,-11.60723487,-11.36538068
GRB230618A,2.974154246,2.922436503,3.030039776,2,-,3.18417528,2.908795197,3.515564967,-10.07037138,-10.189667,-9.906801969
GRB230628E,3.164942498,3.053582388,3.296124908,2.2,-,1.00462849,0.9499954242,1.057578894,-10.71482568,-10.79499953,-10.62799812
GRB230815A,2.569773313,2.54913527,2.597591213,2,-,1.488757375,1.461999954,1.516149266,-8.558056386,-8.58178128,-8.528800597
GRB230826A,3.548961756,3.482728231,3.634396071,2.3,-,1.449309712,1.371351253,1.528777592,-10.50069774,-10.55819683,-10.44058432
GRB230903A,2.941441803,2.885258493,3.020418453,2.2,-,1.587179333,1.492431356,1.72178055,-10.53691956,-10.592797,-10.45084182
GRB231104A,3.16212509,3.067496649,3.264791066,2,-,1.006455036,0.9709052264,1.04426165,-9.290146527,-9.352046348,-9.222334855
GRB231205B,4.006094742,3.977106728,4.039575083,2.2,-,1.400188058,1.370878541,1.435952892,-10.11347313,-10.14024848,-10.07999372
GRB240101A,2.953561874,2.827860149,3.061559655,2,-,1.309333271,1.200852176,1.418176604,-10.34165876,-10.43153342,-10.22907992
GRB240112C,3.337744677,3.293620291,3.388243139,2,-,1.217904679,1.190468359,1.250460456,-10.09393345,-10.13360786,-10.04650079
GRB240123A,4.077055229,3.996578279,4.179634621,2.8,-,1.069414171,0.9988914746,1.143198707,-11.33535602,-11.40854335,-11.25257707
GRB240204A,3.813072985,3.74653358,3.900197361,2.2,-,0.9554851134,0.9009703672,1.014838988,-10.62942195,-10.6734375,-10.57800611
GRB191011A,3.20613,3.1316,3.27515,1.9,-,1.30945,1.24387,1.38362,-10.8768,-10.9323,-10.8023
GRB200205B,4.536874142,4.438232,4.659397409,3,-,1.568955536,1.352855002,1.771572032,-11.73458251,-11.8179199,-11.61038547
GRB201020A,4.020166955,3.973992168,4.079394919,2.4,-,1.553549068,1.474097011,1.660992143,-11.16837312,-11.22122996,-11.10537827
GRB201221A,3.760270703,3.620695056,3.885469716,2.6,-,1.198293045,1.039150062,1.335897538,-10.96173803,-11.05664179,-10.82698452
GRB210210A,3.726958212,3.647196726,3.848882477,1.8,-,1.545759365,1.435527775,1.673381033,-10.14423151,-10.21094198,-10.07245996
GRB210222B,3.260222593,3.204310785,3.321301536,2,-,1.380226599,1.319174184,1.446614903,-10.4694479,-10.51199858,-10.41405321
GRB210722A,3.600474997,3.559557898,3.655664517,2.6,-,1.42581928,1.376371773,1.486505673,-10.28982647,-10.32282097,-10.24724501
GRB210731A,4.802389665,4.687537342,4.920253002,3.9,-,1.744700225,1.441761142,2.015323888,-11.94266836,-12.08354305,-11.75801847
GRB220611A,5.445031301,5.289175819,5.629166988,2.87,-,1.979813235,1.244163882,2.462608964,-12.34228732,-12.55181993,-11.96424948
GRB230116D,3.79761395,3.659367273,3.925443112,2.71,-,1.573892137,1.337976252,1.746592902,-11.12782357,-11.22924776,-10.95814218
GRB230328B,3.681593446,3.652145305,3.718621178,2.4,-,1.211085517,1.188601968,1.239646927,-10.12373273,-10.14925613,-10.09284311
GRB230506C,4.258593509,4.140178474,4.425065839,3.6,-,1.141807986,1.028816481,1.241895559,-11.45305827,-11.55538577,-11.34660657
GRB230818A,3.945465364,3.831478437,4.094587797,2.69,-,1.397452101,1.236008091,1.568314401,-11.07188813,-11.16595367,-10.95609957
GRB190821A,3.502563782,3.376190987,3.69086837,,,1.09868891,1.028923322,1.183197288,-10.36847409,-10.50678799,-10.20226656